Date,Total_Generation_GWh,Fossil_Generation_GWh,Clean_Generation_GWh,Coal_Generation_GWh,Solar_Generation_GWh,Wind_Generation_GWh,Hydro_Generation_GWh,Gas_Generation_GWh,Nuclear_Generation_GWh,Bioenergy_Generation_GWh,CO2_Intensity_gCO2_kWh,Total_Emissions_ktCO2,Fossil_Capacity_MW,Clean_Capacity_MW,Coal_Capacity_MW,Solar_Capacity_MW,Wind_Capacity_MW,Hydro_Capacity_MW,Coal_Share,Gas_Share,Solar_Share,Wind_Share,Hydro_Share,Nuclear_Share,Bioenergy_Share,Clean_Share,Fossil_Share
2019-01-01,110268.43,90353.52,19914.91,86375.09,3534.81,2851.89,7790.99,3971.55,3120.11,2582.0,669.27,73799.11,226656.05,130399.8,201135.7,28225.72,35625.96,49849.17,0.7833165848103578,0.036017108432576765,0.03205640998062637,0.02586315956434675,0.07065476492229009,0.02829558741336936,0.023415586854732585,0.18060391355893976,0.8193960864410603
2019-02-01,100838.65,81500.42,19338.23,78298.38,3630.46,3094.47,7506.94,3194.95,2878.99,2186.5,661.48,66702.63,226656.05,130399.8,201135.7,28225.72,35625.96,49849.17,0.7764719182575333,0.0316837839459374,0.0360026636612053,0.030687340617907916,0.07444506645021527,0.028550461554175902,0.02168315422707464,0.19177398745421523,0.8082260125457849
2019-03-01,117111.22,95223.98,21887.24,91481.45,4307.99,2965.95,9156.48,3732.91,3355.95,2070.17,664.56,77827.4,226656.05,130399.8,201135.7,28225.72,35625.96,49849.17,0.7811501750216588,0.031874913436987506,0.03678545915583494,0.025325925218779206,0.07818618916274632,0.02865609290040698,0.017676956998654784,0.1868927674052068,0.8131072325947932
2019-04-01,118905.47,94666.84,24238.63,90446.02,4181.22,3707.29,11587.73,4206.71,3287.32,1436.3,648.65,77127.77,226356.05,131117.22,200835.7,28724.22,35815.88,49850.17,0.7606548294203791,0.03537860789751725,0.035164235926236194,0.031178464708141684,0.09745329630335761,0.027646499357851243,0.012079343364102593,0.20384789698909564,0.7961521030109043
2019-05-01,129132.22,98842.21,30290.01,94375.57,4342.58,6603.94,14670.01,4451.92,3782.3,861.81,623.06,80457.6,226356.05,132130.09,200835.7,29454.26,36089.12,49859.77,0.7308444786281844,0.03447567152489131,0.0336289424901082,0.05114091587676569,0.1136045674735554,0.029290133786904617,0.00667385722943507,0.23456585815685657,0.7654341418431434
2019-06-01,126546.5,94220.74,32325.76,89885.26,3931.59,8781.15,15006.73,4328.38,4052.02,516.04,605.68,76646.02,226401.05,132550.56,200880.7,29594.32,36368.47,49860.82,0.7102943186891775,0.034203869723777425,0.0310683424669983,0.06939069828086908,0.11858668552666411,0.032020008455389916,0.004077868609562493,0.2554457057287242,0.7445542942712758
2019-07-01,123708.34,87371.93,36336.41,83204.33,3438.82,11343.6,16636.12,4159.71,4382.27,506.57,574.99,71130.64,227577.84,133534.19,202057.5,30116.39,36686.82,50004.02,0.6725846454652936,0.03362513796563756,0.02779780247637306,0.09169632378867909,0.13447856466265734,0.03542420826275739,0.004094873474173205,0.2937264375223207,0.7062735624776794
2019-08-01,119935.29,80782.13,39153.16,76827.46,3587.46,9704.01,21048.86,3947.63,4302.32,485.42,549.35,65886.13,228237.84,134240.75,202717.5,30753.86,36750.42,50008.02,0.6405742630046587,0.03291466590025338,0.02991162984639467,0.08091038092291268,0.17550180601556056,0.03587201064840882,0.004047349199722617,0.3264523727753525,0.6735476272246477
2019-09-01,114787.86,78980.25,35807.61,74596.24,3565.13,5477.94,22081.09,4377.15,4220.23,436.39,559.57,64231.89,229229.94,134923.41,203921.28,31247.56,36920.22,50027.18,0.6498617536732544,0.038132516800992715,0.031058423774082033,0.04772229397777779,0.1923643319075728,0.036765473282627616,0.0038017086475869485,0.3119459671083684,0.6880540328916316
2019-10-01,105698.24,79114.94,26583.3,74857.26,3882.41,2111.48,15746.26,4250.39,4312.43,498.93,607.64,64225.95,229334.94,135606.06,203814.58,31741.27,37090.02,50046.32,0.7082167120285068,0.04021249549661376,0.0367310751815735,0.019976491566936212,0.14897371990299932,0.04079944945157081,0.004720324576833067,0.25150182254690334,0.7484981774530967
2019-11-01,101940.27,79533.01,22407.26,75718.4,3936.81,2723.82,10856.35,3807.33,3792.35,1070.36,635.0,64732.0,229334.94,136870.52,203814.58,32758.42,37297.6,50058.55,0.7427722135717316,0.037348635627510104,0.03861879118036474,0.026719764426756963,0.10649716740989601,0.0372016868309256,0.01049987409293697,0.2198077364323245,0.7801922635676753
2019-12-01,109637.33,86329.15,23308.18,82769.77,3928.39,3948.74,9628.58,3551.76,3676.59,2096.27,644.01,70607.38,230653.06,138134.97,205114.58,33775.57,37505.18,50070.77,0.7549414966599424,0.03239553535278541,0.0358307704136903,0.036016382376331126,0.08782209490143549,0.03353410740666523,0.019120038767817493,0.21259346611231777,0.7874065338876821
2020-01-01,113604.48,90803.1,22801.38,87403.67,4612.73,3319.95,9227.23,3392.71,3437.39,2180.13,654.56,74361.11,230653.06,138547.59,205242.5,34080.67,37607.7,50075.77,0.7693681622414891,0.029864227185406773,0.040603416344144175,0.029223759485541415,0.08122241305976666,0.030257521534362026,0.019190528401696837,0.20070845797630518,0.7992915420236949
2020-02-01,112325.29,89300.49,23024.8,85622.78,5090.66,3518.87,8998.02,3667.27,3172.9,2215.67,650.46,73062.72,230123.06,139285.77,204712.5,34450.68,37669.25,50382.38,0.762275174183837,0.03264865819620853,0.04532069314043169,0.03132749534855419,0.08010680408659529,0.028247423176027412,0.019725477672926553,0.20498322327945914,0.7950167767205409
2020-03-01,107274.26,82812.39,24461.87,78499.54,5633.32,3405.61,9729.55,4301.69,4054.31,1602.12,628.72,67445.17,231443.06,139553.91,206032.5,34672.83,37693.75,50382.38,0.7317649173249948,0.040099927046805074,0.05251324968356808,0.031746758262420086,0.09069789901137514,0.03779387525022312,0.014934803558654237,0.2280311232163242,0.7719688767836759
2020-04-01,91499.53,66805.72,24693.81,61936.91,5353.45,3473.87,10815.01,4858.01,3860.07,1158.15,590.66,54044.95,230533.06,139732.08,205122.5,34816.6,37725.05,50382.38,0.6769095972405542,0.05309327818405188,0.05850795080586753,0.0379659873662739,0.11819743773547252,0.04218677407414006,0.01265744206554941,0.26987909118221703,0.730120908817783
2020-05-01,109302.05,77893.75,31408.3,72655.32,5618.3,6237.89,14793.31,5227.27,3797.54,924.79,577.3,63099.53,230569.22,139910.25,205122.5,34960.37,37756.35,50382.38,0.6647205610507763,0.04782408015220209,0.051401597682751606,0.05707020133657146,0.13534339017429223,0.03474353866190067,0.008460866013034522,0.2873532564119337,0.7126467435880662
2020-06-01,112949.66,78147.17,34802.49,73055.31,4703.23,7895.79,17833.2,5081.06,3764.73,482.08,560.46,63304.0,230839.22,140195.42,205392.5,35167.34,37829.55,50387.38,0.6467953068650228,0.0449851730408042,0.04164005451632169,0.06990538971077911,0.1578862654389575,0.03333104322757589,0.004268096070408711,0.3081239022764654,0.6918760977235345
2020-07-01,120001.58,85447.27,34554.31,80575.48,4639.49,6966.95,19002.05,4860.63,3358.52,443.06,578.03,69364.49,231639.22,140756.55,206192.5,35475.85,37914.55,50413.28,0.671453492529015,0.040504716687896944,0.038661907618216355,0.05805715224749541,0.15834833174696533,0.0279872981672408,0.0036921180537789586,0.2879487920075719,0.7120512079924282
2020-08-01,117338.61,79033.7,38304.91,74687.06,4264.75,9645.5,20224.66,4335.48,3590.73,426.03,548.15,64318.69,231389.22,141317.66,205942.5,35784.36,37999.55,50439.18,0.6365088183676285,0.036948452005695305,0.036345666613913356,0.08220226914227124,0.17236150999232053,0.030601436304725272,0.0036307742183071708,0.32644762026753177,0.6735523797324683
2020-09-01,120133.41,85987.73,34145.68,81583.85,4550.71,4852.13,20267.43,4393.48,3881.96,453.01,582.46,69973.18,231354.22,141753.64,205942.5,36095.75,38124.15,50439.18,0.6791104156620544,0.03657167477390344,0.03788046972112088,0.04038951362489419,0.16870768922650242,0.0323137418641492,0.003770891045213817,0.2842313391420422,0.7157686608579578
2020-10-01,117554.71,89655.52,27899.19,84889.02,4876.01,3989.93,14343.77,4760.75,3969.13,558.98,618.86,72750.31,231254.22,142159.88,205842.5,36362.58,38263.05,50439.68,0.7221235116823477,0.040498164641808054,0.0414786442840104,0.03394104753437782,0.12201782472178273,0.033764108643541374,0.004755062557680589,0.23732941028054083,0.7626705897194591
2020-11-01,105440.38,82535.46,22904.92,78714.7,4592.33,3305.21,9273.35,3799.87,3830.99,1741.35,638.79,67354.59,231254.22,142956.33,205842.5,36955.54,38433.55,50472.68,0.7465327799463545,0.03603809090976341,0.04355380737436644,0.03134671934983542,0.08794875359895327,0.03633323400389869,0.016515020146930424,0.21723100770312093,0.7827689922968791
2020-12-01,115205.12,91411.03,23794.09,87910.39,4748.53,3815.72,8857.22,3492.53,3894.84,2310.6,649.89,74870.54,231524.22,143777.05,206112.5,37509.65,38624.15,50548.68,0.7630771097673437,0.030315753327629886,0.04121804655904182,0.0331210973956713,0.07688217329229811,0.0338078724278921,0.020056400271099062,0.20653674072818987,0.7934632592718102
2021-01-01,119880.18,97191.82,22688.36,94164.84,4865.41,3562.31,8537.61,3016.2,3214.5,2344.03,665.35,79762.24,231944.22,145434.97,206532.5,38839.08,38683.65,50817.68,0.7854913130761065,0.025160122382198627,0.040585608062984224,0.02971558768096611,0.0712178610342427,0.026814274052641564,0.019553107110783452,0.1892586414201247,0.8107413585798754
2021-02-01,112370.54,91299.26,21071.28,88161.89,5435.79,2872.83,7781.43,3130.36,2704.82,2116.77,665.98,74836.2,233104.22,146004.7,207692.5,39128.72,38789.15,50992.27,0.784564085925012,0.027857479371372607,0.04837379975214144,0.025565686522463986,0.06924795413459792,0.024070543756397365,0.01883741058822001,0.18751605180503716,0.8124839481949628
2021-03-01,131410.35,107105.05,24305.3,103108.39,6754.24,3531.87,8825.42,3988.37,3161.24,1857.02,666.28,87555.55,234694.22,147468.02,209282.5,40130.38,39247.05,50996.02,0.7846291407031485,0.030350501311350284,0.05139808241892666,0.026876650126873566,0.06715924582804932,0.024056248233111012,0.01413145920393637,0.18495727315238106,0.8150427268476189
2021-04-01,126975.61,103697.4,23278.21,99963.45,6122.19,3734.38,8705.61,3727.03,3363.72,1172.97,666.76,84661.94,234661.72,148079.23,209282.5,40631.51,39344.65,50996.02,0.7872649715957261,0.02935232994745999,0.048215480122521165,0.02941021507988818,0.06856127724056613,0.026491071789298746,0.009237758337998928,0.18332819980152093,0.816671800198479
2021-05-01,117774.5,87506.63,30267.87,84046.88,5994.67,7083.52,12306.75,3453.0,4000.16,706.08,607.04,71493.27,233991.72,148690.47,208612.5,41132.64,39442.25,50996.02,0.7136254452364477,0.029318740474381128,0.05089955805373829,0.06014476817986916,0.10449418167769764,0.033964567881841996,0.005995185715074147,0.25699850137338726,0.7430014986266128
2021-06-01,122428.45,85437.74,36990.71,82006.65,6006.23,9725.45,16733.85,3424.5,3892.12,468.95,570.83,69885.77,233991.72,150370.48,208612.5,42532.48,39515.55,51093.11,0.6698332781310227,0.027971439644951808,0.049059103500861116,0.07943782674696936,0.13668269099216726,0.03179097668883336,0.003830400531902511,0.30214145486608707,0.697858545133913
2021-07-01,133753.93,92426.67,41327.26,89044.62,5170.06,11421.28,19967.36,3374.39,3613.17,994.87,566.76,75806.69,234791.72,151984.94,209412.5,43940.12,39588.85,51116.82,0.6657346068261322,0.02522834282327256,0.038653518442411376,0.08539023862700708,0.14928428645049907,0.02701356139591562,0.0074380618199405436,0.3089797810053133,0.6910202189946868
2021-08-01,136547.98,96231.95,40316.03,92489.65,5449.51,9348.92,21746.01,3735.19,3139.89,452.03,576.44,78711.53,234791.72,153830.53,209412.5,45611.91,39691.15,51175.02,0.6773417666083379,0.027354414177346305,0.03990912205365469,0.0684661904189282,0.15925544998908073,0.022994774437527378,0.003310411475878295,0.2952517496047909,0.7047482503952089
2021-09-01,121470.06,85318.96,36151.1,81990.75,5409.09,6981.27,19290.4,3321.13,3896.95,391.41,574.69,69807.83,234191.72,154825.06,208812.5,46275.14,39870.45,51322.02,0.6749873178625252,0.027341140689318835,0.044530232388129226,0.05747317487123988,0.15880785767291133,0.032081568083526094,0.003222275513817973,0.29761325548040396,0.702386744519596
2021-10-01,121306.99,90105.68,31201.31,86461.29,6225.9,2977.92,16809.85,3629.3,4417.41,571.59,606.84,73614.25,235301.72,156347.45,209922.5,47665.89,39990.1,51334.02,0.7127477979628378,0.029918308911959648,0.05132350576005554,0.024548626587800094,0.13857280606830652,0.03641513156001974,0.004711929625819584,0.2572094979852356,0.7427905020147643
2021-11-01,107635.53,82708.87,24926.66,80393.58,5014.77,3277.5,10584.84,2305.75,4062.63,1776.28,632.28,68055.32,235188.72,157323.53,209809.5,48556.64,40033.6,51343.57,0.7469055989225862,0.021421829761975437,0.04659028482509447,0.030449982454678302,0.0983396467690548,0.03774432104343241,0.016502729163873676,0.23158393887222928,0.7684160611277707
2021-12-01,118567.43,93295.51,25271.92,91012.72,5858.03,3577.01,8696.22,2274.68,4451.32,2479.8,648.68,76911.68,235188.72,158234.94,209809.5,49430.11,40067.27,51347.84,0.7676030424206716,0.019184695156165568,0.04940673842723925,0.030168571588335857,0.07334408783255232,0.037542519054347384,0.02091468120714095,0.21314386252615916,0.7868561374738409
2022-01-01,120995.59,96292.28,24703.31,94081.75,6611.09,3398.22,8025.88,2191.34,4056.7,2396.96,656.14,79389.69,236118.72,159158.66,210739.5,50303.58,40100.93,51364.42,0.7775634632634132,0.018110908009126615,0.05463909882996562,0.02808548642144726,0.06633200433172813,0.0335276682398094,0.01981030878894016,0.20416702790572783,0.7958329720942722
2022-02-01,117507.03,92931.51,24575.52,90825.48,7276.19,3107.75,8001.0,2097.97,3811.39,2198.48,652.25,76644.28,235898.72,159666.84,210519.5,50777.77,40129.78,51352.12,0.7729365638804759,0.01785399562902747,0.06192131653740206,0.026447353830660176,0.06808954323839178,0.03243542109778453,0.01870934870875385,0.20914084884963904,0.7908591511503609
2022-03-01,139394.61,108761.15,30633.46,106264.52,8338.23,4006.84,11222.88,2481.49,4406.57,2447.22,643.5,89700.9,236558.72,163189.91,211179.5,53996.54,40357.58,51373.42,0.7623287586227331,0.01780190783560426,0.059817449182576,0.02874458345268874,0.08051157788669161,0.03161219791783915,0.017556059018350854,0.21976072102070518,0.7802392789792949
2022-04-01,141762.14,111582.83,30179.31,108910.8,8334.25,4126.24,12223.36,2660.45,3521.19,1758.71,647.65,91812.31,236078.42,164901.52,210699.5,55337.66,40528.08,51573.42,0.7682643616977001,0.018766999425939814,0.0587903794341705,0.029106784082125168,0.08622443199573596,0.024838719280056012,0.012406062718861325,0.21288695275057218,0.7871130472494278
2022-05-01,145704.77,108416.17,37288.6,105955.63,8827.55,10174.27,13525.59,2451.1,3524.72,1029.27,612.46,89238.42,236078.42,166848.98,210699.5,56951.33,40706.38,51728.92,0.7271939690100744,0.016822373076735925,0.06058518194016572,0.06982798160966179,0.09282873855124991,0.024190834658329993,0.007064078959117125,0.25591886936851826,0.7440811306314817
2022-06-01,142928.65,105618.17,37310.48,103219.09,8259.94,9708.52,14645.01,2389.39,3867.38,633.32,607.8,86871.51,236078.42,167686.53,210699.5,57705.72,40788.03,51730.42,0.7221721467319533,0.016717362124388638,0.057790652888696566,0.06792563982098761,0.10246378175404303,0.027058116060006167,0.004431022051911916,0.26104269507897826,0.7389573049210219
2022-07-01,136978.43,94355.88,42622.55,92343.23,6965.88,10266.43,20705.93,2002.31,4016.93,455.97,568.08,77815.15,236055.42,168067.56,210699.5,57973.8,40893.33,51738.07,0.674144316006542,0.014617702947829086,0.05085384611285149,0.0749492456586048,0.1511619749182408,0.029325274059572738,0.0033287722745836703,0.3111624947081085,0.6888375052918917
2022-08-01,138475.53,93230.0,45245.53,91253.92,7428.23,8694.96,24925.09,1967.39,3586.77,397.28,555.99,76991.23,236055.42,169707.81,210699.5,59302.7,41204.68,51738.07,0.658989498000116,0.014207492110699993,0.053642907162009056,0.06279058834438113,0.17999635025769536,0.02590183261981377,0.002868954536588522,0.3267402551194424,0.6732597448805576
2022-09-01,135654.11,93295.94,42358.17,91530.31,8207.73,6654.49,23541.91,1758.94,3412.52,337.11,568.21,77079.86,236076.08,171674.56,210699.5,60813.97,41666.08,51713.67,0.6747330397877367,0.012966359810255658,0.06050483837164978,0.049054835124420486,0.17354365451957188,0.02515603839795197,0.0024850703012241947,0.3122512837981835,0.6877487162018167
2022-10-01,122810.94,88185.58,34625.36,86569.09,8726.83,3421.8,17465.21,1590.28,4219.26,563.37,593.18,72848.85,236076.08,171674.56,210699.5,60813.97,41666.08,51713.67,0.7048972184399859,0.012949009265786907,0.07105906037361166,0.027862338648332145,0.14221216774336226,0.03435573410642407,0.004587294910371991,0.2819403548250669,0.7180596451749331
2022-11-01,121599.98,94462.84,27137.14,92678.98,7976.88,2489.5,10883.34,1758.85,3869.67,1707.84,641.41,77994.8,235982.08,173106.3,210605.5,61966.36,41895.28,51738.82,0.7621627898294062,0.0144642293526693,0.06559935289463041,0.02047286520935283,0.08950116603637599,0.031822949312985085,0.014044739152095255,0.2231673064419912,0.7768326935580088
2022-12-01,131022.4,102942.25,28080.15,101108.66,8207.51,3996.15,9341.6,1806.34,3901.58,2423.47,649.41,85087.6,236008.91,174442.52,210632.33,63302.57,41895.28,51738.82,0.7716898789825252,0.013786497575987006,0.06264203678149691,0.03049974660821356,0.071297732296157,0.02977796163098829,0.018496608213557374,0.21431564373725412,0.7856843562627459
2023-01-01,136301.93,106393.71,29908.22,104483.59,9290.01,5013.74,8692.16,1883.95,4118.92,2593.42,645.49,87981.2,236458.91,175143.73,211082.33,63893.88,41983.18,51753.82,0.7665598718961647,0.013821887921909838,0.06815758221471993,0.03678407194967819,0.0637713640591883,0.030219087873517275,0.019027023315077052,0.21942623996593447,0.7805737600340656
2023-02-01,127091.33,99367.63,27723.7,97589.14,9555.41,3126.99,8910.78,1753.56,3774.36,2153.17,646.42,82154.94,236458.91,175707.3,211082.33,64380.75,42015.38,51757.27,0.7678662265946858,0.013797636707397743,0.07518538046615768,0.02460427473691557,0.07011320127029909,0.029698013231901816,0.016941910986374917,0.2181399785492842,0.7818600214507159
2023-03-01,137336.08,108359.66,28976.42,106468.49,10244.34,4141.07,8342.23,1862.48,4047.79,1971.58,651.58,89485.1,237258.91,178754.03,211882.33,66780.36,42633.16,51758.47,0.7752404903358244,0.01356147634328867,0.07459321687352662,0.030152819273711613,0.06074317834031669,0.029473609556935076,0.01435587793098507,0.21098912973196848,0.7890108702680316
2023-04-01,140488.41,111573.48,28914.93,109104.95,10318.69,4249.2,9313.54,2438.18,3512.45,1295.93,653.41,91796.34,237258.91,179286.45,211882.33,67077.91,42868.04,51758.47,0.7766117503927904,0.01735502594128583,0.07344869231561522,0.03024591138870459,0.06629400959125382,0.025001706546468848,0.009224462003662793,0.20581719161032572,0.7941828083896743
2023-05-01,147183.28,111515.28,35668.0,108654.83,10776.14,8117.63,12186.0,2829.79,3495.91,855.79,622.71,91651.79,237258.91,180363.22,211882.33,67821.27,43198.94,51758.47,0.7382280786241481,0.019226300704808318,0.07321578918474979,0.05515320761977855,0.08279473048840874,0.02375208651417471,0.0058144512066859765,0.24233730896607278,0.7576626910339272
2023-06-01,149366.61,109220.04,40146.57,106163.65,9607.58,11557.77,15069.53,3029.3,3209.74,469.25,600.29,89662.77,237918.91,183936.73,212542.33,70096.88,43773.04,51773.22,0.7107589172707341,0.020280971764706987,0.06432214000170454,0.07737853861716484,0.1008895495452431,0.021489006144010364,0.0031415990494796666,0.2687787451291825,0.7312212548708176
2023-07-01,147802.37,103175.41,44626.96,100910.55,8435.4,12449.42,19172.97,2238.58,3954.53,382.37,575.15,85008.17,238132.91,185180.44,212542.33,71145.08,43940.04,51796.92,0.6827397287337138,0.015145765253967172,0.05707215655608229,0.08423017844707091,0.12972031503960324,0.026755524962150473,0.002587035647669249,0.3019367010150108,0.6980632989849893
2023-08-01,159958.84,110065.64,49893.2,106416.54,9325.8,12394.14,23188.88,3620.76,4370.12,399.69,564.82,90348.6,238432.91,185808.8,212842.33,71610.0,44089.69,51796.92,0.6652745168694646,0.022635573001154548,0.05830124799604698,0.07748330758087518,0.1449677929647402,0.027320278141551912,0.0024987052919363505,0.3119127395522498,0.6880872604477501
2023-09-01,149568.61,108820.55,40748.06,105837.58,9220.78,8850.82,17534.44,2957.84,4525.77,401.69,597.51,89369.38,239282.91,186077.55,213692.33,71780.77,44184.59,51796.92,0.707618931539178,0.01977580723655853,0.061649165556863846,0.05917565189647748,0.11723342217327554,0.03025882235584058,0.0026856571041209785,0.27243724468656894,0.7275627553134312
2023-10-01,148394.68,117258.64,31136.04,114003.49,10219.75,3548.34,12196.13,3227.73,4493.54,449.82,647.41,96071.99,239282.91,186426.66,213692.33,72018.07,44292.39,51800.92,0.7682451284641741,0.02175098190851586,0.06886870877042223,0.02391150410513369,0.08218711075087058,0.030281004682917206,0.003031240742592659,0.2098191121137227,0.7901808878862774
2023-11-01,128788.9,103666.97,25121.93,101991.26,7820.94,3544.27,7386.27,1647.79,4424.49,1718.17,663.94,85508.39,239062.91,187022.72,213472.33,72311.74,44563.69,51830.92,0.7919258569643812,0.012794503252997736,0.060726817295589916,0.027519995900267803,0.057351759351931736,0.03435459111771278,0.013340978919767155,0.19506285091339395,0.8049371490866061
2023-12-01,132698.38,105491.25,27207.13,103548.18,8594.51,5113.0,6754.57,1913.56,4276.81,2239.02,656.18,87073.71,240012.91,188240.34,214422.33,73318.48,44736.25,51860.92,0.7803273860615328,0.014420371974397878,0.06476725639001772,0.0385309903557225,0.05090167641835567,0.03222955698479514,0.016873001765356894,0.20502985793797934,0.7949701420620207
2024-01-01,144056.17,117488.17,26568.0,114916.04,9008.47,4075.12,6835.16,2543.19,4152.32,2273.79,671.41,96720.13,240426.91,189488.55,214836.33,74306.55,44969.21,51886.92,0.7977168905712264,0.017654155320108816,0.06253442667537253,0.0282884100000715,0.04744788092033822,0.02882431207215907,0.01578405145715036,0.1844280602489987,0.8155719397510012
2024-02-01,136692.74,109264.82,27427.92,106912.35,10421.22,4907.58,6370.17,2325.01,3501.79,1996.39,658.73,90043.64,243206.92,190942.22,217616.34,75575.84,45153.6,51886.92,0.782136271465478,0.017009023302920114,0.07623828449118805,0.03590227249815901,0.046602109226868964,0.02561796625043876,0.014604945368715268,0.20065381672794033,0.7993461832720598
2024-03-01,149063.7,118745.66,30318.04,116194.77,12225.83,4578.06,7481.93,2524.2,4019.94,1760.86,656.2,97814.81,243206.92,198716.66,217616.34,81813.64,45886.45,51895.42,0.7794974229138281,0.016933700156376096,0.08201748648396624,0.030712104959155048,0.05019283702202481,0.026967933843048304,0.011812802177860873,0.2033898259603109,0.796610174039689
2024-04-01,154857.23,123681.53,31175.7,119925.69,12021.05,4729.26,8690.58,3720.34,4443.61,1059.84,654.35,101330.35,243206.92,199823.59,217616.34,82637.8,46161.73,51897.42,0.7744274516598288,0.02402432227413599,0.07762666295916566,0.03053948465951509,0.05611994996940085,0.028694882376496075,0.006843981388534457,0.201318982652602,0.7986810173473979
2024-05-01,167414.52,127870.48,39544.04,122671.82,12645.99,8257.63,13329.58,5163.85,4447.05,612.23,623.41,104367.03,242986.92,201723.94,217616.34,84277.41,46422.45,51897.42,0.7327430141662743,0.030844696147024765,0.0755369964325675,0.049324455250357016,0.07962021454292018,0.026563108146175136,0.003656970733482377,0.23620436268013076,0.7637956373198693
2024-06-01,162308.64,120865.06,41443.58,116223.95,11445.66,10134.92,14950.06,4612.32,4217.61,462.04,608.53,98769.24,242986.92,203156.77,217616.34,85474.28,46656.35,51897.42,0.716067548837819,0.028416971517967245,0.0705178726160234,0.062442270479254824,0.09210883659674554,0.025985123157953878,0.002846675321782007,0.2553381015329806,0.7446618984670192
2024-07-01,159731.25,111406.42,48324.83,108713.01,10356.35,13627.0,18880.04,2663.57,4799.84,416.49,574.3,91733.53,242986.92,205348.47,217616.34,87207.93,47075.41,51928.92,0.6805995069843878,0.016675321829635718,0.06483609187306805,0.08531204757991939,0.1181987870250812,0.03004947372539813,0.0026074421880502405,0.3025383573971906,0.6974616426028094
2024-08-01,153948.26,104199.24,49749.02,101650.66,10157.52,10268.88,23152.09,2518.73,5492.07,429.22,558.23,85938.88,242986.92,207726.61,217616.34,89431.96,47192.31,51962.92,0.6602910614254426,0.016360886443276462,0.06598008967428408,0.06670344958754323,0.1503887734749324,0.035674778006584806,0.0027880795794639054,0.3231541558183249,0.676845844181675
2024-09-01,150033.97,102151.29,47882.68,99627.82,11302.62,8870.62,22173.02,2493.84,4926.44,376.72,561.64,84264.42,243046.92,209601.91,217676.34,90762.14,47362.9,51967.92,0.66403508485445,0.016621835708273268,0.07533373941914621,0.05912407703402103,0.14778666458002812,0.03283549718773688,0.0025108980319590293,0.3191455908285304,0.6808544091714696
2024-10-01,151013.57,114101.72,36911.85,111741.72,12256.61,3238.28,15898.15,2330.48,4768.92,503.91,622.32,93978.79,243046.92,211359.27,217676.34,92119.19,47716.7,52009.42,0.7399448936939905,0.015432255525116054,0.08116230879119009,0.02144363582689953,0.10527630066622488,0.03157941369110074,0.003336852443128124,0.24442737165938133,0.7555726283406187
2024-11-01,134418.58,104231.42,30187.16,102767.95,11246.52,3109.33,9483.05,1433.56,4809.77,1302.26,640.99,86160.94,243046.92,211359.27,217676.34,92119.19,47716.7,52009.42,0.7645367924583045,0.010664894689409753,0.0836678976968809,0.023131698013771608,0.07054865480650072,0.035782032513659946,0.009688095202315039,0.22457579897064828,0.7754242010293518
2024-12-01,140885.2,108241.52,32643.68,106609.93,10707.21,5747.49,8552.86,1599.6,5124.7,2285.77,636.01,89604.57,244430.42,217588.81,219059.84,97864.8,48163.14,52032.72,0.7567148997907515,0.011353925039677694,0.07599953721185758,0.04079555553031829,0.06070800907405462,0.03637500603328099,0.016224344359805003,0.23170411086473242,0.7682958891352676
2025-01-01,147449.91,114112.24,33337.67,112573.8,12285.74,5637.69,7999.12,1506.89,4778.41,2397.47,641.12,94532.53,245890.42,220314.31,220519.84,100329.78,48365.24,52032.72,0.7634714731260264,0.01021967392180843,0.08332144794120254,0.0382346113334352,0.05424974487946449,0.032407005199257155,0.016259555533129858,0.22609488198399033,0.7739051180160097
2025-02-01,141707.79,110400.13,31307.66,108712.04,12913.58,4592.48,7522.52,1659.05,4153.34,1895.45,644.44,91322.58,247580.47,222821.72,221839.84,102566.06,48588.54,52032.72,0.7671564139134481,0.011707542683433282,0.0911282294360811,0.03240809838329988,0.05308473161567194,0.02930918617812048,0.013375764310487094,0.22093111465502355,0.7790688853449764
2025-03-01,159917.95,122661.94,37256.01,120840.84,16453.47,5133.63,9368.74,1785.82,4719.07,1332.59,634.28,101432.9,247580.47,228240.47,221839.84,105646.61,50037.83,52792.71,0.7556427530492981,0.011167101629304276,0.10288694921364362,0.03210164962719945,0.05858466795003312,0.02950932024828982,0.008332960746432779,0.23296953218822528,0.7670304678117746
2025-04-01,157483.89,119070.49,38413.4,115841.39,15811.82,6330.71,10303.35,3195.53,4951.45,770.4,621.66,97901.09,240037.63,232372.38,219352.84,107945.6,51058.55,52994.21,0.7355761278185342,0.020291154860347937,0.10040277770634189,0.040199095920223964,0.06542478725919203,0.03144099374228056,0.004891928945875035,0.24391955266027526,0.7560804473397247
2025-05-01,159102.33,114095.95,45006.38,111280.42,14305.32,10667.42,14045.51,2782.33,5137.08,599.02,590.73,93986.61,240867.63,235494.84,220182.84,110834.32,51292.3,52994.21,0.6994267148696063,0.01748767601329283,0.08991269958145805,0.06704754103852534,0.0882797253817716,0.03228789924069623,0.003764998287580075,0.2828769383829891,0.7171230616170109
2025-06-01,159746.1,108811.65,50934.45,105972.24,12927.48,14879.54,17946.29,2809.12,4498.01,447.07,561.36,89675.59,242017.63,242513.47,221332.84,116026.1,51670.6,54444.21,0.6633791998677903,0.01758490504619518,0.0809251681261702,0.09314493436772478,0.11234258614138311,0.028157244527409434,0.0027986285737179183,0.31884628169326196,0.681153718306738
2025-07-01,165159.77,106134.0,59025.77,103556.96,12100.61,17572.87,23246.17,2545.81,4536.36,1333.53,532.14,87888.19,243767.63,246063.28,223082.84,118772.8,52135.8,54780.87,0.6270108029334263,0.015414225873528403,0.07326608652942543,0.10639921574121834,0.1407495905328519,0.027466495018732467,0.008074181745348762,0.35738588156183554,0.6426141184381645
2025-08-01,160004.27,104541.85,55462.42,102458.75,12634.94,12893.72,25157.53,2054.73,4105.67,420.24,540.93,86550.39,244117.63,251108.3,223432.84,122876.77,52676.85,55180.87,0.6403500981567555,0.012841719786603195,0.07896626758773376,0.08058359942519035,0.1572303664145963,0.02565975270534968,0.002626429907151853,0.34663087428854245,0.6533691257114577
2025-09-01,154424.24,102013.32,52410.92,99545.73,13556.16,10399.59,23795.5,2440.19,4045.28,374.5,546.04,84322.36,244777.63,255792.28,224092.84,127079.0,53119.5,55205.77,0.6446250277806127,0.015801858568318033,0.08778518191185529,0.06734428480917246,0.15409174103754697,0.02619588738141111,0.0024251374007085934,0.33939568036727913,0.6606043196327209
